bin_name,bin_arch,is_static,is_stripped,used_libs,keywords,used_nvram_env,checksec,hash_value,bdg
pop3client_ssl,MIPS,1,0,[],[],0,"{'RELRO': 0, 'Canary': 0, 'NX': 0, 'PIE': 0, 'rpath': 0, 'runpath': 0}",a942d52f373d34f4d773c770141b7563f6be51ab18561eba95c05704922bb41f,[]
iwlist,MIPS,0,1,"['libgcc_s.so.1', 'libc.so.0']",[],0,"{'RELRO': 0, 'Canary': 0, 'NX': 0, 'PIE': 0, 'rpath': 0, 'runpath': 0}",2e8f18f797841eba4e12ae3e9911681e72cd8bbc97a37191cffb89ca0d10fe10,[]
httpd,MIPS,0,1,"['libcrypt.so.0', 'libgcc_s.so.1', 'libc.so.0']","['TOP', 'PATH']",1,"{'RELRO': 0, 'Canary': 0, 'NX': 0, 'PIE': 0, 'rpath': 0, 'runpath': 0}",89384b209f9f61262b1a1d8be2f93858047b3a56958e158d5b0a03fdcfaf8545,"['hostapd', 'lldpd', 'wpa_supplicant', 'eapolclient']"
ethreg,MIPS,0,0,"['libgcc_s.so.1', 'libc.so.0']",[],0,"{'RELRO': 0, 'Canary': 0, 'NX': 0, 'PIE': 0, 'rpath': 0, 'runpath': 0}",8ac0e016e30e552f0f963aebd314fe614ca3991fc152cc5aa8ea64dfa460cce3,[]
xmldb,MIPS,0,1,"['libgcc_s.so.1', 'libc.so.0']",[],0,"{'RELRO': 0, 'Canary': 0, 'NX': 0, 'PIE': 0, 'rpath': 0, 'runpath': 0}",6c3d2a080855ca49f01d5a1edec1f0d9ebd4f2b2bad7fac1ba955aa3a3dd8dd2,[]
flashtest,MIPS,0,1,"['libgcc_s.so.1', 'libc.so.0']",[],0,"{'RELRO': 0, 'Canary': 0, 'NX': 0, 'PIE': 0, 'rpath': 0, 'runpath': 0}",e6ed3f270bc598b4883748454c7c2ce537d2fd05ce3f71e63a0f256a2dd6b7b3,[]
captival_portal,MIPS,0,0,"['libpthread.so.0', 'libgcc_s.so.1', 'libc.so.0']",[],0,"{'RELRO': 0, 'Canary': 0, 'NX': 0, 'PIE': 0, 'rpath': 0, 'runpath': 0}",81448cf68a4a3a07568246a474eac9bd00f9aa344d967dce9a5abaf27e72d67a,[]
genZoneInfo,MIPS,0,0,"['libgcc_s.so.1', 'libc.so.0']",[],0,"{'RELRO': 0, 'Canary': 0, 'NX': 0, 'PIE': 0, 'rpath': 0, 'runpath': 0}",78ba212be0dc35cddaad1e29bea529ebae6f1ad59e2e21a770c2ce66e094bfe0,[]
apneaps,MIPS,0,1,"['libpthread.so.0', 'libgcc_s.so.1', 'libc.so.0']",[],0,"{'RELRO': 0, 'Canary': 0, 'NX': 0, 'PIE': 0, 'rpath': 0, 'runpath': 0}",3c56907562929aa24f17c2dbe85ff7440bd57203cd0be63e5d3dc0f3e30b6602,[]
telnetd,MIPS,0,1,"['libgcc_s.so.1', 'libc.so.0']",[],0,"{'RELRO': 0, 'Canary': 0, 'NX': 0, 'PIE': 0, 'rpath': 0, 'runpath': 0}",35b305d1693ccd7b95a59545ffeb6f3f6690b197b2ddb828ee565721ef7729c0,[]
aparraymsg,MIPS,0,1,"['libgcc_s.so.1', 'libc.so.0']",[],0,"{'RELRO': 0, 'Canary': 0, 'NX': 0, 'PIE': 0, 'rpath': 0, 'runpath': 0}",aece2d7761d008d59f787f6acb8061c2b74356d98073606232fa5746e05347ed,[]
lld2d,MIPS,0,1,"['libgcc_s.so.1', 'libc.so.0']",[],0,"{'RELRO': 0, 'Canary': 0, 'NX': 0, 'PIE': 0, 'rpath': 0, 'runpath': 0}",1d22e98084f6a441556f6c487f7e4b31d45bdefa958df640550f4c8e59b38cec,[]
neapclient,MIPS,0,0,"['libgcc_s.so.1', 'libc.so.0']",[],0,"{'RELRO': 0, 'Canary': 0, 'NX': 0, 'PIE': 0, 'rpath': 0, 'runpath': 0}",52c0f2405ab10ccbb576b8dadd3045b18b8b914544063c66d7e66af08fd9a49b,[]
iputils-ping6,MIPS,0,1,"['libgcc_s.so.1', 'libc.so.0']",[],0,"{'RELRO': 0, 'Canary': 0, 'NX': 0, 'PIE': 0, 'rpath': 0, 'runpath': 0}",7216b3ff098dec11f14bc3bacbfc353d9663d78135a7fc49f75d318373573040,[]
email,MIPS,0,0,"['libcrypto.so.0.9.8', 'libssl.so.0.9.8', 'libm.so.0', 'libgcc_s.so.1', 'libc.so.0']",['EDITOR'],1,"{'RELRO': 0, 'Canary': 0, 'NX': 0, 'PIE': 0, 'rpath': 0, 'runpath': 0}",cd51ec0c4c8c42cf83baea430e8a71b15f7c353cc2edd177bf9f130afbb1fd69,[]
rgbin,MIPS,0,1,"['libgcc_s.so.1', 'libc.so.0']",['SMTPSERVER'],1,"{'RELRO': 0, 'Canary': 0, 'NX': 0, 'PIE': 0, 'rpath': 0, 'runpath': 0}",3b66b18676ce8f90cfb0cd3d22503ac3cc2b6bc36936a4a610605609c08691a4,[]
wpa_supplicant,MIPS,0,0,"['libgcc_s.so.1', 'libc.so.0']",['TOP'],1,"{'RELRO': 0, 'Canary': 0, 'NX': 0, 'PIE': 0, 'rpath': 0, 'runpath': 0}",2d535ab320c6b1fe1ccad3c4d73061bd3c8341043d2d35fe1fd4ec7266fb18d1,"['hostapd', 'httpd', 'lldpd', 'eapolclient']"
eapolclient,MIPS,0,0,"['libpthread.so.0', 'libgcc_s.so.1', 'libc.so.0']",['TOP'],1,"{'RELRO': 0, 'Canary': 0, 'NX': 0, 'PIE': 0, 'rpath': 0, 'runpath': 0}",0652c379c03447d42b87a4a5e7362e6bc04c3447d09740492aa5db8b5583eac3,"['hostapd', 'httpd', 'lldpd', 'wpa_supplicant']"
ldapwhoami,MIPS,0,0,"['libssl.so.0.9.8', 'libcrypto.so.0.9.8', 'libgcc_s.so.1', 'libc.so.0']","['LDAPNOINIT', 'HOME', 'LDAPCONF', 'LDAPRC']",1,"{'RELRO': 0, 'Canary': 0, 'NX': 0, 'PIE': 0, 'rpath': 0, 'runpath': 0}",bac5209ddd5ffc7a5c04055868c03aa214534cad3d179b0688dcf6ea253450e4,"['ldapsearch', 'snmpd']"
udhcpd,MIPS,0,1,"['libm.so.0', 'libgcc_s.so.1', 'libc.so.0']",[],0,"{'RELRO': 0, 'Canary': 0, 'NX': 0, 'PIE': 0, 'rpath': 0, 'runpath': 0}",9dd03ebd2b5e256b64ee40dd56e46d847c8a7b459889879dea87e10280ef257c,[]
dhcp6-multi,MIPS,0,1,"['libgcc_s.so.1', 'libc.so.0']",[],0,"{'RELRO': 0, 'Canary': 0, 'NX': 0, 'PIE': 0, 'rpath': 0, 'runpath': 0}",4257f8e330d3409b1b52c8e88af3177d5a3f48d97cbf950da89da52dc6f5d6ee,[]
wlanconfig,MIPS,1,0,[],[],0,"{'RELRO': 0, 'Canary': 0, 'NX': 0, 'PIE': 0, 'rpath': 0, 'runpath': 0}",9f65a8293c4a0e1f5238fa0e47d2973c80af11f7f5d7cc5d5ec2ee6fccd7fe6e,[]
dhcpxmlpatch,MIPS,0,1,"['libgcc_s.so.1', 'libc.so.0']",[],0,"{'RELRO': 0, 'Canary': 0, 'NX': 0, 'PIE': 0, 'rpath': 0, 'runpath': 0}",06ab7f4f493e970c629150e0846d7e85d6d84a56e1abc76034aa4f85de180280,[]
neaps_array,MIPS,0,1,"['libgcc_s.so.1', 'libc.so.0']",[],0,"{'RELRO': 0, 'Canary': 0, 'NX': 0, 'PIE': 0, 'rpath': 0, 'runpath': 0}",d74296a9c95aaec763e37c75f708cecc4c17524bcb573fd90c0fc20e64975224,[]
autorekeymatchtime,MIPS,0,1,"['libgcc_s.so.1', 'libc.so.0']",[],0,"{'RELRO': 0, 'Canary': 0, 'NX': 0, 'PIE': 0, 'rpath': 0, 'runpath': 0}",c365aa35c541ddf2e81aee6b06cdc0834aab79da7c45108e7a79c299011bfec5,[]
autorekey,MIPS,0,1,"['libgcc_s.so.1', 'libc.so.0']",[],0,"{'RELRO': 0, 'Canary': 0, 'NX': 0, 'PIE': 0, 'rpath': 0, 'runpath': 0}",4fdcb61f23516b3c146801dca13e36194a43d85d18740c7ebc09fd49f49afb9f,[]
cli,MIPS,1,1,[],[],0,"{'RELRO': 0, 'Canary': 0, 'NX': 0, 'PIE': 0, 'rpath': 0, 'runpath': 0}",b6ceae7b60a35429421ebab13b8905d8fbd2d5906117427aa1ccb280a82790f8,[]
ebtables-restore,MIPS,0,1,"['libebtc.so', 'libebt_802_3.so', 'libebt_nat.so', 'libebt_arp.so', 'libebt_arpreply.so', 'libebt_ip.so', 'libebt_standard.so', 'libebt_log.so', 'libebt_redirect.so', 'libebt_vlan.so', 'libebt_mark_m.so', 'libebt_mark.so', 'libebt_pkttype.so', 'libebt_stp.so', 'libebt_among.so', 'libebt_limit.so', 'libebt_ulog.so', 'libebtable_filter.so', 'libebtable_nat.so', 'libebtable_broute.so', 'libgcc_s.so.1', 'libc.so.0']",[],0,"{'RELRO': 0, 'Canary': 0, 'NX': 0, 'PIE': 0, 'rpath': 1, 'runpath': 0}",c8b59da9e2e3c8b7ef34a676938d84845d3aced2d806cfc201398ddc6d8c3734,[]
zic,MIPS,0,0,"['libgcc_s.so.1', 'libc.so.0']",['TZ'],1,"{'RELRO': 0, 'Canary': 0, 'NX': 0, 'PIE': 0, 'rpath': 0, 'runpath': 0}",da3451814f275af1bd5da697fce0775deb48bdb0dfbd7e4dacf37385be6322f1,[]
ldapsearch,MIPS,0,0,"['libssl.so.0.9.8', 'libcrypto.so.0.9.8', 'libgcc_s.so.1', 'libc.so.0']","['TMPDIR', 'LDAPCONF', 'LDAPNOINIT', 'TMP', 'HOME', 'LDAPRC', 'TEMP']",1,"{'RELRO': 0, 'Canary': 0, 'NX': 0, 'PIE': 0, 'rpath': 0, 'runpath': 0}",b295e56a8dbff99de36cdd60121cd26f2e81a76df8ee045f12b460b76fcf8a26,"['snmpd', 'ldapwhoami']"
pop3client,MIPS,0,0,"['libgcc_s.so.1', 'libc.so.0']",[],0,"{'RELRO': 0, 'Canary': 0, 'NX': 0, 'PIE': 0, 'rpath': 0, 'runpath': 0}",4383da36019041ab5425836b60c00ef0a4c9b02eae55aeaf26125acb7b0ae8cb,[]
sendmail,MIPS,0,1,"['libresolv.so.0', 'libgcc_s.so.1', 'libc.so.0']",[],0,"{'RELRO': 0, 'Canary': 0, 'NX': 0, 'PIE': 0, 'rpath': 0, 'runpath': 0}",f810a1970b9664c095347a302fa53713960066c78bd02f99c9ae5cd2db984902,[]
80211stats,MIPS,1,0,[],[],0,"{'RELRO': 0, 'Canary': 0, 'NX': 0, 'PIE': 0, 'rpath': 0, 'runpath': 0}",deb5fac358a03bbf7ed2f888887553bed15b5f679e7e36a92b7fcbf2affe180c,[]
tc_monitor,MIPS,0,1,"['libgcc_s.so.1', 'libc.so.0']",[],0,"{'RELRO': 0, 'Canary': 0, 'NX': 0, 'PIE': 0, 'rpath': 0, 'runpath': 0}",4a5b8dba46163955c9b4d7c3bfc56e32549902b748cdaf5bc44db3a6f2b925ae,[]
lldpd,MIPS,0,0,"['libgcc_s.so.1', 'libc.so.0']","['UPSTART_JOB', 'EVENT_EPOLL_USE_CHANGELIST', 'NOTIFY_SOCKET', 'EVENT_SHOW_METHOD', 'TOP']",1,"{'RELRO': 2, 'Canary': 0, 'NX': 0, 'PIE': 0, 'rpath': 0, 'runpath': 0}",56d3e402a70f90c6df2ca2d5945fdd399eecb71e001e93772b294492fe83f5f4,"['hostapd', 'httpd', 'wpa_supplicant', 'eapolclient']"
nart.out,MIPS,0,0,"['libm.so.0', 'libpthread.so.0', 'libdl.so.0', 'libfield.so', 'libpart.so', 'libanwi.so', 'libgcc_s.so.1', 'libc.so.0']",[],0,"{'RELRO': 0, 'Canary': 0, 'NX': 0, 'PIE': 0, 'rpath': 0, 'runpath': 0}",372797b2498713985d718886b37813e4c973bf6dbed3b24db4e7ce678e0205cb,[]
athstatsclr,MIPS,1,0,[],[],0,"{'RELRO': 0, 'Canary': 0, 'NX': 0, 'PIE': 0, 'rpath': 0, 'runpath': 0}",9bf085b1d0a5d3030a96682a2f83924e32510742d6b9fe8fe54005b6591aa4b6,[]
cloned,MIPS,0,1,"['libgcc_s.so.1', 'libc.so.0']",[],0,"{'RELRO': 0, 'Canary': 0, 'NX': 0, 'PIE': 0, 'rpath': 0, 'runpath': 0}",07f55703ba29b8b67097fe46c9ab720a52dcab154d791fa533a128d9c1f0d42c,[]
hostapd,MIPS,0,0,"['libssl.so.0.9.8', 'libcrypto.so.0.9.8', 'libgcc_s.so.1', 'libc.so.0']",['TOP'],1,"{'RELRO': 0, 'Canary': 0, 'NX': 0, 'PIE': 0, 'rpath': 0, 'runpath': 0}",2019b27027a736b28b143110b62de009deb5c4a9e4516e675c759f4f23253769,"['httpd', 'lldpd', 'wpa_supplicant', 'eapolclient']"
iwconfig,MIPS,0,1,"['libgcc_s.so.1', 'libc.so.0']",[],0,"{'RELRO': 0, 'Canary': 0, 'NX': 0, 'PIE': 0, 'rpath': 0, 'runpath': 0}",f97b33aa448883d12f2f22e944a6143374f9c51a6a1567ceaf9c9750a28fc401,[]
lldpcli,MIPS,0,0,"['liblldpctl.so.4', 'libgcc_s.so.1', 'libc.so.0']",[],0,"{'RELRO': 2, 'Canary': 0, 'NX': 0, 'PIE': 0, 'rpath': 1, 'runpath': 0}",80e9af333cf21d21c2a676f681e5f4a906844731260b23ef51ce79d7e26e0363,[]
arptables,MIPS,0,0,"['libgcc_s.so.1', 'libc.so.0']",[],0,"{'RELRO': 0, 'Canary': 0, 'NX': 0, 'PIE': 0, 'rpath': 0, 'runpath': 0}",bae84a0b981dcbc6ec3c5fc85a95bf9c07f98bf36701da26450b8259750d726f,[]
statistic,MIPS,0,0,"['libgcc_s.so.1', 'libc.so.0']",[],0,"{'RELRO': 0, 'Canary': 0, 'NX': 0, 'PIE': 0, 'rpath': 0, 'runpath': 0}",7fbb154917f0fd829c3d7b51cd70e8760c95dea0b8099bb094e78452ca2f2d82,[]
stunnel,MIPS,0,1,"['libdl.so.0', 'libutil.so.0', 'libnsl.so.0', 'libssl.so.0.9.8', 'libcrypto.so.0.9.8', 'libpthread.so.0', 'libz.so.1', 'libgcc_s.so.1', 'libc.so.0']",[],0,"{'RELRO': 0, 'Canary': 0, 'NX': 0, 'PIE': 0, 'rpath': 0, 'runpath': 0}",f3865fdcb280aff22af19d128dd689c71c102ca6163cb55776c8da1f451871fa,[]
klogd,MIPS,0,1,"['libgcc_s.so.1', 'libc.so.0']",[],0,"{'RELRO': 0, 'Canary': 0, 'NX': 0, 'PIE': 0, 'rpath': 0, 'runpath': 0}",22633adff7780a11faee31a75b967bed88a3e92d914e0f34c6653715f95bb6f2,[]
apneapc,MIPS,0,1,"['libpthread.so.0', 'libgcc_s.so.1', 'libc.so.0']",[],0,"{'RELRO': 0, 'Canary': 0, 'NX': 0, 'PIE': 0, 'rpath': 0, 'runpath': 0}",23d677513b41cad9683fba01efaf742b53bc68bf0867c59ee0a55aa1dfa32f90,[]
iproute-ip,MIPS,0,1,"['libresolv.so.0', 'libgcc_s.so.1', 'libc.so.0']","['HZ', 'PROC_NET_PSCHED', 'PROC_ROOT']",1,"{'RELRO': 0, 'Canary': 0, 'NX': 0, 'PIE': 0, 'rpath': 0, 'runpath': 0}",19bf952dc5a771fbce931fea86eb78e9239e57461c406210cdcefee291ad509d,[]
static_dhcp,MIPS,0,0,"['libgcc_s.so.1', 'libc.so.0']",[],0,"{'RELRO': 0, 'Canary': 0, 'NX': 0, 'PIE': 0, 'rpath': 0, 'runpath': 0}",443e414d953ba3859d362613d9c498a554f7604e29caac113462a9a62783968a,[]
schedule_smtp,MIPS,0,1,"['libgcc_s.so.1', 'libc.so.0']",[],0,"{'RELRO': 0, 'Canary': 0, 'NX': 0, 'PIE': 0, 'rpath': 0, 'runpath': 0}",2a92c7598aa4b0cb7cca0145f3d436d80d03de5278d82e4e100a51939bc235d4,[]
busybox,MIPS,0,1,['libc.so.0'],Not parsed,Not parsed,"{'RELRO': 0, 'Canary': 0, 'NX': 0, 'PIE': 0, 'rpath': 0, 'runpath': 0}",79c3b611889d3c2005a5979c19d0238215504845ff85b962662ebcaa0c99a5c5,[]
snmptrap,MIPS,0,0,"['libpthread.so.0', 'libssl.so.0.9.8', 'libcrypto.so.0.9.8', 'libgcc_s.so.1', 'libc.so.0']",[],0,"{'RELRO': 0, 'Canary': 0, 'NX': 0, 'PIE': 0, 'rpath': 0, 'runpath': 0}",2b821620be0b86b62668d3280b7268a9dc15dd73af2d3fb1613ee33d8a7dd3fd,[]
dnrd,MIPS,0,1,"['libgcc_s.so.1', 'libc.so.0']",[],0,"{'RELRO': 0, 'Canary': 0, 'NX': 0, 'PIE': 0, 'rpath': 0, 'runpath': 0}",6fd13ebff4072a764ac981d6d4c7ba387b8c1653da6251ae645ff5d8cfcb1c68,[]
radlogin,MIPS,0,0,"['libradiusclient-ng.so.2', 'libcrypt.so.0', 'libnsl.so.0', 'libgcc_s.so.1', 'libc.so.0']",[],0,"{'RELRO': 0, 'Canary': 0, 'NX': 0, 'PIE': 0, 'rpath': 0, 'runpath': 0}",bf0cb59bcd1955ce32f3629c7b08b470e1114cdd77d31343590dacf0bd72587e,[]
atp,MIPS,0,1,"['libgcc_s.so.1', 'libc.so.0']","['REALM', 'REMOTE_PASSWD', 'REQUEST_METHOD', 'QUERY_STRING', 'HTDOCS_DIR', 'REQUEST_URI', 'REMOTE_ADDR', 'SESSION_ID', 'REMOTE_USER']",1,"{'RELRO': 0, 'Canary': 0, 'NX': 0, 'PIE': 0, 'rpath': 0, 'runpath': 0}",d01b0bbfb0718e4492552b6b6dd68cd75aff9c3a92d9bece24a374a469dab733,[]
neaps,MIPS,0,1,"['libgcc_s.so.1', 'libc.so.0']",[],0,"{'RELRO': 0, 'Canary': 0, 'NX': 0, 'PIE': 0, 'rpath': 0, 'runpath': 0}",6512e68f7f923519d74c6ed38854a240e2d2ff03a03e912dabfc1592c0e6dd6b,[]
sshd,MIPS,0,1,"['libcrypto.so.0.9.8', 'libutil.so.0', 'libcrypt.so.0', 'libresolv.so.0', 'libz.so.1', 'libgcc_s.so.1', 'libc.so.0']","['KRB5CCNAME', 'DISPLAY']",1,"{'RELRO': 0, 'Canary': 0, 'NX': 0, 'PIE': 0, 'rpath': 0, 'runpath': 0}",a89832e7efb6899db7b54c8914b8e765c48d5dcc75db8cdc8afbed32caf9d51d,[]
gpioc,MIPS,0,0,"['libgcc_s.so.1', 'libc.so.0']",[],0,"{'RELRO': 0, 'Canary': 0, 'NX': 0, 'PIE': 0, 'rpath': 0, 'runpath': 0}",9ac6cfb130f7b8e702c4b7fa3a7836202bd7ad6eb4d032cddd666bd3bdb09488,[]
radartool,MIPS,1,0,[],[],0,"{'RELRO': 0, 'Canary': 0, 'NX': 0, 'PIE': 0, 'rpath': 0, 'runpath': 0}",c2ca12eb50cce5e2cfac15c773b82d2be42f8f5f106bfcbcc5d5d2c0f79528d3,[]
radiusclient,MIPS,0,0,"['libradiusclient-ng.so.2', 'libcrypt.so.0', 'libnsl.so.0', 'libgcc_s.so.1', 'libc.so.0']",[],0,"{'RELRO': 0, 'Canary': 0, 'NX': 0, 'PIE': 0, 'rpath': 0, 'runpath': 0}",55621e8061e370672d0d196b688c853a6abd1dc9da4c3bed5ad14c469d416b13,[]
iwpriv,MIPS,0,1,"['libgcc_s.so.1', 'libc.so.0']",[],0,"{'RELRO': 0, 'Canary': 0, 'NX': 0, 'PIE': 0, 'rpath': 0, 'runpath': 0}",d5af4866fd8074d442bba5577ed55d58498fcd6198d9ccadd8cc7e78a93dcd8e,[]
syslogd,MIPS,0,1,"['libgcc_s.so.1', 'libc.so.0']",[],0,"{'RELRO': 0, 'Canary': 0, 'NX': 0, 'PIE': 0, 'rpath': 0, 'runpath': 0}",b7765fb75f446584dc79de8cc6ef69fdebc7fe26981aa5ac0f8ddee6ed3d45d5,[]
neapc,MIPS,0,1,"['libgcc_s.so.1', 'libc.so.0']",[],0,"{'RELRO': 0, 'Canary': 0, 'NX': 0, 'PIE': 0, 'rpath': 0, 'runpath': 0}",7e05706502083aa47f02e10e4ab71af92cc4d348581563fae6da25ea853e8619,[]
fresetd,MIPS,0,0,"['libgcc_s.so.1', 'libc.so.0']",[],0,"{'RELRO': 0, 'Canary': 0, 'NX': 0, 'PIE': 0, 'rpath': 0, 'runpath': 0}",0243945eb0eb5883f1cd13702e7b5312b3ccf48f9feb69bc4951af6cdd410652,[]
ebtables,MIPS,0,1,"['libebtc.so', 'libebt_802_3.so', 'libebt_nat.so', 'libebt_arp.so', 'libebt_arpreply.so', 'libebt_ip.so', 'libebt_standard.so', 'libebt_log.so', 'libebt_redirect.so', 'libebt_vlan.so', 'libebt_mark_m.so', 'libebt_mark.so', 'libebt_pkttype.so', 'libebt_stp.so', 'libebt_among.so', 'libebt_limit.so', 'libebt_ulog.so', 'libebtable_filter.so', 'libebtable_nat.so', 'libebtable_broute.so', 'libgcc_s.so.1', 'libc.so.0']",[],0,"{'RELRO': 0, 'Canary': 0, 'NX': 0, 'PIE': 0, 'rpath': 1, 'runpath': 0}",b062e2f7776ecb46a4eab43c218908b082cdea02a33fe8d641dea10b5a0f643a,[]
wpa_supplicant,MIPS,0,0,"['libgcc_s.so.1', 'libc.so.0']",['TOP'],1,"{'RELRO': 0, 'Canary': 0, 'NX': 0, 'PIE': 0, 'rpath': 0, 'runpath': 0}",2d535ab320c6b1fe1ccad3c4d73061bd3c8341043d2d35fe1fd4ec7266fb18d1,"['hostapd', 'httpd', 'lldpd', 'eapolclient']"
servd,MIPS,0,1,"['libgcc_s.so.1', 'libc.so.0']",[],0,"{'RELRO': 0, 'Canary': 0, 'NX': 0, 'PIE': 0, 'rpath': 0, 'runpath': 0}",922c5e6a644e14dcc5b3d3d68255c66cb63df488e14b5e6e6105049d49583dc6,[]
ap_igmp,MIPS,0,1,"['libgcc_s.so.1', 'libc.so.0']",[],0,"{'RELRO': 0, 'Canary': 0, 'NX': 0, 'PIE': 0, 'rpath': 0, 'runpath': 0}",5c13f97a62c619996e68e882333624511390b5ff77b1d912ef794b5cfa462697,[]
hostapd,MIPS,0,0,"['libssl.so.0.9.8', 'libcrypto.so.0.9.8', 'libgcc_s.so.1', 'libc.so.0']",['TOP'],1,"{'RELRO': 0, 'Canary': 0, 'NX': 0, 'PIE': 0, 'rpath': 0, 'runpath': 0}",2019b27027a736b28b143110b62de009deb5c4a9e4516e675c759f4f23253769,"['httpd', 'lldpd', 'wpa_supplicant', 'eapolclient']"
ethlink,MIPS,0,0,"['libgcc_s.so.1', 'libc.so.0']",[],0,"{'RELRO': 0, 'Canary': 0, 'NX': 0, 'PIE': 0, 'rpath': 0, 'runpath': 0}",629d19f6bac487ab45e72d6829814d0640d2b18e5cd6ab1d3362587f2648ea3d,[]
vethctl,MIPS,0,1,"['libgcc_s.so.1', 'libc.so.0']",[],0,"{'RELRO': 0, 'Canary': 0, 'NX': 0, 'PIE': 0, 'rpath': 0, 'runpath': 0}",c1d4f92985d0de6c7267bc1d60f5af49a960d13194d4e749da13f436f1d79fed,[]
trap_monitor,MIPS,0,1,"['libgcc_s.so.1', 'libc.so.0']",[],0,"{'RELRO': 0, 'Canary': 0, 'NX': 0, 'PIE': 0, 'rpath': 0, 'runpath': 0}",0c1c7756016f423fcd6e860f45c81d360e9e65f5778c0a7d1d6b24c91aa83c1d,[]
athstats,MIPS,1,0,[],[],0,"{'RELRO': 0, 'Canary': 0, 'NX': 0, 'PIE': 0, 'rpath': 0, 'runpath': 0}",515969a452b7924064b31397c55b2d1b125a4af7f87191c5b07eb7024e2c658b,[]
autorekeysleep,MIPS,0,1,"['libgcc_s.so.1', 'libc.so.0']",[],0,"{'RELRO': 0, 'Canary': 0, 'NX': 0, 'PIE': 0, 'rpath': 0, 'runpath': 0}",0aecb2eaa2cdd84b2c7fca58b4e229e4bbbc0be4ae5854d3b1a215d1e960d34b,[]
wlxmlpatch,MIPS,0,1,"['libgcc_s.so.1', 'libc.so.0']",[],0,"{'RELRO': 0, 'Canary': 0, 'NX': 0, 'PIE': 0, 'rpath': 0, 'runpath': 0}",6f880786330cfee8e1f3b74d237454e6bfa1bdd490a88332dc9e8e488cd71cb3,[]
tc,MIPS,0,1,"['libresolv.so.0', 'libm.so.0', 'libdl.so.0', 'libgcc_s.so.1', 'libc.so.0']",[],0,"{'RELRO': 0, 'Canary': 0, 'NX': 0, 'PIE': 0, 'rpath': 0, 'runpath': 0}",5ec91430a7b99d288f9d41121c9c5720b838a15c4e1393ad47c689860202bda7,[]
snmpd,MIPS,0,1,"['libpthread.so.0', 'libssl.so.0.9.8', 'libcrypto.so.0.9.8', 'libgcc_s.so.1', 'libc.so.0']","['MIBDIRS', 'MIBS', 'SNMPCONFPATH', 'HOME', 'PREFIX', 'SNMP_PERSISTENT_FILE', 'MIBFILES']",1,"{'RELRO': 0, 'Canary': 0, 'NX': 0, 'PIE': 0, 'rpath': 0, 'runpath': 0}",d2447f12d0d3c8a000d39ea1ed13586c473aaa78db376d385b8bf7e53debce53,"['ldapsearch', 'ldapwhoami']"
